Abu',-3.45,142.95
Aari,6,36.58333333
Abau,-4,141.25
Chadian Arabic,13.83333333,20.83333333
Abidji,5.666666667,-4.583333333
Arabic (Beirut),33.91666667,35.5
Arabic (Bahrain),26,50.5
Abipón,-29,-61
Abkhaz,43.08333333,41
Alabama,32.33333333,-87.41666667
Arabana,-28.25,136.25
Arbore,5,36.75
Abun,-0.5,132.5
Abui,-8.25,124.6666667
Abenaki,44,-72.25
Abaza,44,42
Acehnese,5.5,95.5
Achagua,4.416666667,-72.25
Aché,-25.25,-55.16666667
Achí,15.16666667,-90.5
Acholi,3,32.66666667
Achumawi,41.5,-121
Achang,25,98.5
Acoma,34.91666667,-107.5833333
Achuar,-2.66667,-76
Adamorobe Sign Language,5.833333333,-0.1666666667
Adang,-8.2,124
Adioukrou,5.416666667,-4.583333333
Andoke,-0.6666666667,-72
Adynyamathanha,-30.5,139.5
Adyghe,45.21666667,39.7
Adzera,-6.25,146.25
Aleut,54.75,-164
Egyptian Arabic,30,31
Libyan Arabic,32,22
Afrikaans,-31,22
Agarabi,-6.166666667,146
Leggbó,6,8
Agta,17.96666667,121.8333333
Dupaningan Agta,18,122.0833333
Aghem,6.666666667,10
Aghul,41.75,47.66666667
Angami,25.66666667,94.5
Angolar,0.25,6.5
Aguaruna,-5,-78
Anguthimri,-12.33333333,141.8333333
Aguacatec,15.41666667,-91.33333333
Alagwa,-5.5,35.75
Arapaho,40,-103
Arabic (Bani-Hassan),20,-10
Ahtna,62,-145
Aghu,-6.166666667,140.1666667
Aikaná,-12.66666667,-60.66666667
Ainu,43,143
Aizi,5.25,-4.5
Aja,7.333333333,25.66666667
Ajagbe,7,1.75
Ajië,-21.33333333,165.5
Aka,2.666666667,16.25
Aka-Biada,11.66666667,92.5
Aka-Cari,13.5,93
Akha,21.83333333,99.83333333
Aka-Kede,12.75,92.75
Aklanon,11.58333333,122.3333333
Arakanese (Marma),21.5,92.5
Akan,6.5,-1.25
Arabic (Kormakiti),35.25,33.5
Arikara,45.5,-100.5
Akawaio,6,-59.5
Alamblak,-4.666666667,143.3333333
Albanian,41,20
Allentiac,-31,-68
Alladian,5.166666667,-4.333333333
Aleut,54,-166
Algonquin,46,-77
Arop-Lokep,-5.383333333,147.05
Ala'ala,-8.916666667,146.75
Alune,-3,128.3333333
Alsea,44.66666667,-123.9166667
Alsatian,48.5,7.5
Alutor,61,165
Alawa,-15.16666667,134.25
Alas,3.666666667,97.83333333
Alyawarra,-22.5,135
Amara,-5.666666667,148.5
Ambulas,-3.833333333,143
Amahuaca,-10.5,-72.5
Amdo,35,100
Amele,-5.25,145.5833333
Amharic,10,38
Amis,23.33333333,121.3333333
Amarakaeri,-12.5,-70.5
East Ambae,-15.41666667,167.8833333
Ama,-4.216666667,141.6166667
Amanab,-3.583333333,141.25
Amo,10.33333333,8.666666667
Western Arrernte,-24,136
Eastern Arrernte,-24,136
Ambai,-1.833333333,136.5
Moroccan Arabic,34,-6
Arabic,25,42
Amdo (Themchen),38,98
Amuesha,-10.5,-75.41666667
Anamuxra,-4.666666667,145
Amuzgo,16.83333333,-98
Araona,-12.33333333,-67.75
Angas,9.5,9.5
Anêm,-5.583333333,149.0833333
Anggor,-3.75,141.1666667
//Ani,-18.91666667,21.91666667
Anejom,-20.2,169.8
North Levantine Arabic,33.75,36
Anindilyakwa,-14,136.5
Anong,27.33333333,98.75
Angaatiha,-7.216666667,146.25
Anufo,10.08333333,0.25
Andi,42.75,46.25
Anywa,8,33.5
Ao,26.58333333,94.66666667
Mufian,-3.5,143
Palestinian Arabic,32,35.25
Chiricahua,33.25,-108
Ampeeli,-6.75,146.0833333
Apinayé,-5.5,-48
Jicarilla,36.58333333,-104
A-Pucikwar,12.16666667,92.83333333
Apalaí,0,-54
Apatani,27.5,93.75
Apurinã,-9,-67
Apache,33,-110
Western Apache,33.75,-110
Arawak,5.5,-55.16666667
Arabela,-2,-75.16666667
Archi,42,46.83333333
Arandai,-2.083333333,133
Gulf Arabic,26,49
Hijazi Arabic,26,38
Aribwatsa,-6.716666667,147
Kuwaiti Arabic,29.5,47.5
Araki,-15.66666667,166.9166667
Lebanese Arabic,34,36
Armenian,39,45
Eastern Armenian,40,45
Borno Nigerian Arabic,8.583333333,12.41666667
Arosi,-10.25,161.3333333
Bumbita Arapesh,-3.466666667,143.1666667
Iraqi Arabic,33,44
Arrernte,-24,134
San'ani Arabic,16,44
Negev Arabic,30.5,34.75
Western Armenian,38.5,43.5
Are'are,-9.25,161.1666667
Iranian Armenian,32.66666667,51.66666667
Shapsugh Adyghe,45,38.75
American Sign Language,39,-78
Asmat,-5.5,138.5
Southern Altai,51,87
Assamese,26,93
Asturian,43.25,-6
Asuriní,-3.5,-49.5
Syrian Arabic,34,38
Atayal,24.5,121.3333333
Aralle-Tabulahan,-2.75,119.25
Atchin,-16,167.3333333
Athpare,27,87.33333333
Atikamekw,48,-74
Atakapa,30,-93.5
Atacameño,-23,-69
Alutiiq,57,-157
Atsugewi,40.75,-121
Tunisian Arabic,36.75,10.25
Au,-3.583333333,142.0833333
Aulua,-16.33333333,167.6666667
Auslan,-30,145
Auyana,-6.5,145.75
Avar,42.5,46.5
Avikam,5.166666667,-5.5
Avokaya,4.666666667,30
Avatime,6.833333333,0.4166666667
Awa,-6.666666667,145.75
Awadhi,27.5,81.5
Western Arrernte,-24,132.5
Aekyom,-5.75,141.4166667
Akwa,10.08333333,6.333333333
Awngi,10.83333333,36.66666667
Awa Pit,1.5,-78.25
Awtuw,-3.583333333,142
Awyi,-2.916666667,140.5833333
Akhvakh,42.33333333,46.33333333
Anyi,7,-3.5
Aymara,-17,-69
Aynu,39.5,76
Ayomán,11,-69
Ayoreo,-20.25,-59.25
Ayiwo,-10.33333333,166.25
Azerbaijani,40.5,48.5
Azari,37.5,47
Barai,-9.333333333,148.0833333
Babungo,6.116666667,10.41666667
Bachamal,-13.16666667,130.1666667
Bade,12.83333333,10.5
Baré,1,-67
Bafut,6.25,9.916666667
Bagirmi,11.66666667,16
Xiriana,2.666666667,-62.5
Bai,26,100
Indonesian Bajau,-4.333333333,123
Baka (in Cameroon),2.583333333,13.58333333
Balinese,-8.333333333,115.25
Bambara,12.5,-7.5
Bana,10.41666667,13.58333333
Bao'an,35.75,102.8333333
Baure,-13.08333333,-64.16666667
Bari,5,31.66666667
Basaá,3.916666667,10.5
Batak,10.25,119.0833333
Bau,-5.25,145.6166667
Bawm,22.5,92.25
Northern Bobo Madaré,12.41666667,-4.333333333
Babole,1.083333333,17.25
Bambam,-3.083333333,119.0833333
Barambu,3.5,27
Bininj Gun-Wok,-12.5,133.75
Casino Bandjalang,-28.91666667,153
Berber,33,6
Chaouia Berber,35,7
Bella Coola,52.5,-126.6666667
Berbice Dutch Creole,5.333333333,-58
Badaga,11.66666667,76.75
Budukh,41.16666667,48.41666667
Badimaya,-27.66666667,118
Budu,2,28
Baham,-3.166666667,132.6666667
Benabena,-6.166666667,145.5
Bengali (Chittagong),22.33333333,91.83333333
Beembe,-3.916666667,14.08333333
Begak-Ida'an,5.25,118.8333333
Beja,18,36
Belhare,26.96666667,87.3
Bemba,-10,28.25
Bengali,24,90
Beothuk,48,-57
Berta,10.33333333,34.66666667
Bété,6.25,-6.25
Bezhta,42.08333333,46.16666667
Biafada,11.41666667,-15.16666667
Figuig Berber,32.5,-1.5
Bafia,5,11.16666667
Benga,1.166666667,9.416666667
Banggai,-1.416666667,123.1666667
Bagri,29.58333333,74.33333333
Buglere,8.5,-81.25
Bangime,14.91666667,-3.833333333
Bugun,27.5,92.58333333
Bongo,7.5,28.5
Bagiro,4.333333333,20.58333333
Baga Sitemu,10.5,-14.5
Bagvalal,42.58333333,46.16666667
Banggi,7.25,117.1666667
Bhili,22,73
Bahinemo,-4.583333333,142.8333333
Bhojpuri,26,84
Bhumij,21.33333333,86.5
Bira,1,28.75
Bidiya,11.91666667,18.75
Binga,8,25
Biri,-20.5,146.5
Biak,-1,136
Bilua,-7.75,156.6666667
Bima,-8.5,118.5
Binandere,-8.25,148
Nai,-3.716666667,141.2666667
Bilaan (Koronadal),6,125.3333333
Birom,9.666666667,8.833333333
Bisa,11.5,-0.5
Biatah,1.25,110
Bisu,19.75,100
Southern Sama,4.5,118.5
Baka (South Sudan),4.833333333,29.25
Betta Kurumba,11.5,76.75
Binukid,8.25,124.8333333
Bakairí,-14,-55
Bikol,13.33333333,123.5
Bakundu,4.833333333,9.333333333
Brokskat,35.33333333,76.5
Bakueri,4.25,9.25
Blackfoot,50,-112.6666667
Baluchi,28,62
Baule,7,-5
Balangao,17.16666667,121.1666667
Baale,6.5,34.5
Balantak,-0.8333333333,123.25
Bilin,15.75,38.5
Bole,11.33333333,11.25
Belorussian,54,28
Balti,35,76
Bena-Lulua,-6,21
Biloxi,30.5,-88.66666667
Balyku,-22,120
Balanta,12.25,-15.33333333
Middle Atlas Berber,33,-5
Bimoba,10.5,0
Bamun,5.5,10.91666667
Burum,-6.5,147.3333333
Mzab Berber,32.5,3.5
Banawá,-7,-65
Bunuba,-17.75,125.75
Bandi,8.083333333,-10.25
Qaget,-4.583333333,152
Bini,6.416666667,5.833333333
Bandjalang,-28.75,153
Bankon,4.416666667,9.583333333
Banggarla,-32,137
Binumarien,-6.283333333,146.0833333
Banoni,-6.416666667,155.25
Waimaha,0.3333333333,-70.25
Beng,7.833333333,-4.25
Bilinarra,-16,131.6666667
Bantik,1.416666667,124.75
Bularnu,-21,138
Baniwa,2.666666667,-66.83333333
Boazi,-7,141.3333333
Bobangi,-1.333333333,17.33333333
Bodo,26.83333333,92
Boiken,-3.5,143.5
Bori,28.33333333,94.75
Boko,10.5,3.5
Bolia,-1.25,18.33333333
Bongu,-5.5,145.9166667
Bokar,28.5,94.66666667
Bora,-2.166666667,-72.33333333
Bosnian,43,18
Wargla Berber,31.91666667,5.333333333
Tiéyaxo Bozo,15,-4
Bura-Pabir,10.5,12.25
Bahnar,13.83333333,108.3333333
Bidasoa Valley Basque,43,-3.833333333
Gernica Basque,43.33333333,-3
Hondarribia Basque,42.5,-3
Basaburua and Imoz Basque,43,-1.666666667
Lekeitio Basque,43,-2.5
Northern High Navarrese Basque,43.33333333,-2.5
Oñati Basque,42.5,-3.5
Roncalese Basque,43,-2
Sakana Basque,42.5,-2
Zeberio Basque,42,-3
Brao,14.16666667,107.5
Bariba,10,2.5
Boruca,8.833333333,-83.25
Bardi,-16.58333333,122.9166667
Breton,48,-3
Rif Berber,34.5,-4
Brahui,28.5,67
Bribri,9.416666667,-83
Burji,5.5,37.83333333
Berik,-2.25,138.8333333
Baragaunle,28.83333333,83.83333333
Burmese,21,96
Burunge,-5.333333333,36
Broken,-10.16666667,143
Barupu,-3.083333333,142.0833333
Bororo,-16,-57
Barasano,-0.1666666667,-70.66666667
Eastern Bru,17.33333333,106
Western Bru,16.75,104.75
Baruya,-6.916666667,145.9166667
Birri,5.5,25.16666667
Ayt Seghrouchen Middle Atlas Berber,33.33333333,-4.666666667
Bushoong,-4.5,21.5
Siwa Berber,29.16666667,25.5
Bashkir,53,58
British Sign Language,52,-1
Bislama,-16,168
Souletin Basque,43.5,-1.5
Basque,43,-3
Basari,12.66666667,-13
Bathari,18,56
Betoi,7.166666667,-71.25
Bontok,17.08333333,120.9166667
Toba Batak,2.5,99
Burarra,-12.25,134.5833333
Bubi,3.5,8.666666667
Buduma,13.5,14.5
Bugis,-4,120
Buli (Indonesia),1,128.5
Bujeba,3,10.16666667
Bukusu,0.75,34.66666667
Bulgarian,42.5,25
Buma,-11.63333333,166.8333333
Buin,-6.75,155.75
Burushaski,36.5,74.5
Busa,9.666666667,4
Buriat,52,108
Buru,-3.5,126.5
Bulu,3,11
Buli (Ghana),10.5,-1.25
Bali-Vitu,-4.9,149.1166667
Waalubal Bandjalang,-29.08333333,152.5833333
West Coast Bajau,6.333333333,116.3333333
Bayungu,-23,114
Byansi,30.16666667,80.5
Bayso,6.25,37.75
Yugumbir Bandjalang,-27.91666667,153
Bauzi,-2.5,137.5
Cabécar,9.75,-83.41666667
Cacua,1.083333333,-70
Caddo,33.33333333,-93.5
Cahuilla,33.5,-116.25
Chai,5.333333333,35.33333333
Cakchiquel,14.5,-91
Camsá,1.166666667,-77
Candoshi,-4.166666667,-77
Capanahua,-7,-74
Carib,5.5,-56
Cashibo,-8.5,-75.5
Catio,7.166666667,-76.33333333
Cavineña,-13.33333333,-66.5
Axininca Campa,-12,-74
Cayapa,0.6666666667,-79
Barbareño,34.5,-120.25
Chácobo,-12.16666667,-66.75
Chocho,17.66666667,-97.41666667
Chickasaw,34,-88
Comaltepec Chinantec,17.58333333,-96.41666667
Chasta Costa,42.66666667,-124
Cocopa,32.33333333,-115
Choctaw,32.25,-88.5
De'kwana Carib,5.5,-65
Swampy Cree,56,-90
Cebuano,10,124
Chicomuceltec,15.5,-92.25
Cèmuhî,-20.83333333,165.1666667
Chaga,-3,37
Chamorro,13.45,144.75
Chambri,-4.166666667,143.0833333
Chechen,43.25,45.83333333
Chaudangsi,30,80.25
Cherokee,35.5,-83.5
Chang,26.33333333,94.75
Chaha,8.112935,37.93267
Chimariko,41,-123
Chuj,15.91666667,-91.58333333
Chukchi,67,-173
Upper Chehalis,46.58333333,-123
Chamalal,42.55,46.05
Chantyal,28.58333333,83.41666667
Highland Oaxaca Chontal,16.25,-95.75
Chipewyan,59,-106
Quiotepec Chinantec,17.58333333,-96.66666667
Chrau,10.75,107.5
Siyin Chin,23.83333333,94
Nopala Chatino,16.08333333,-97.16666667
Nivacle,-23.5,-60.5
Chuvash,55.5,47.5
Western Cham,12,105.5
Huamelultec Oaxaca Chontal,16,-95.75
Chayahuita,-5.5,-77
Chaozhou,23.66666667,116.6666667
Chichewa,-14,34
CiLuba,-6,22
Ineseño,34.66666667,-120.25
Chichimeca-Jonaz,21.66666667,-100.5
Cheke Holo,-8.333333333,159.6666667
Lower Chinook,46.25,-123.5
Canela-Krahô,-6,-46
Upper Chinook,45.5,-122.5
Clallam,48.08333333,-123.75
Colac,-38.33333333,143.5
Modern Chaldean,36,43
Lealao Chinantec,17.33333333,-95.91666667
Cholón,-8,-77.5
Chulym,54.33333333,89.66666667
Chimila,10,-74
Comecrudo,25.83333333,-99
Eastern Cham,11.33333333,108.5
Chemehuevi,34.33333333,-115.1666667
Chemakum,48.08333333,-122.9166667
Camling,27,86.66666667
Comanche,33.5,-101.5
Mara Chin,23,93.16666667
Comox,50.16666667,-125
Chontal Maya,18.16666667,-92.58333333
Canela,-7,-45
Canamarí,-6.5,-68.5
Cantonese,23,113
Coahuilteco,28,-100
Cocama,-5,-74.5
Coeur d'Alene,47.25,-116.5
Cofán,0.1666666667,-77.16666667
Cogui,11,-73.83333333
Chortí,14.83333333,-89.25
Chol,17.75,-92.5
Comorian,-12,44
Hanis Coos,43.5,-124.1666667
Coptic,26,32
Cora,22.16666667,-104.8333333
Rumsien,36.83333333,-121.75
Campa Pajonal Asheninca,-10.66666667,-74.25
Palantla Chinantec,18.83333333,-96.75
Chepang,27.66666667,84.75
Red Lake and Pillager Chippewa,48,-95
Chipaya,-18.75,-67.83333333
Chiquitano,-17.5,-60
Plains Cree,54,-110
Chiriguano,-23.66666667,-64.33333333
Chru,11.5,108.5
Crimean Tatar,45,34.08333333
Carijona,1,-73
Creek,34,-85
Carolinian,15.2,145.75
Cornish,50.33333333,-5
Crow,47,-108
Carapana,0.8333333333,-70.75
Carrier,53.75,-123.5
Chorote,-22.5,-62.5
Sochiapan Chinantec,17.75,-96.66666667
San Felipe Usila Chinantec,17.91666667,-96.5
Cashinahua,-10.5,-71.83333333
Diola-Kasa,12.5,-16.75
Chinese Sign Language,35,115
Sierra Occidental Chatino,16.25,-97.33333333
Cuicatec,17.83333333,-96.83333333
Tepetotutla Chinantec,17.83333333,-96.5
Tiddim Chin,23.33333333,93.66666667
Catalan,41.75,2
Chitimacha,29.66666667,-91
Tataltepec Chatino,16.16666667,-97.58333333
Catawba,35.5,-80.5
Cua,15.25,108.5
Cubeo,1.333333333,-70.5
Cuica,9,-70.5
Cuiba,6.5,-70
Culina,-6,-70.5
Chumburung,7.75,0.25
Cupeño,33.16666667,-116.5
Curripaco,2.5,-68.5
Cuitlatec,17.5,-101
Chuukese,7.333333333,151.75
Chavacano,7,122.0833333
Chuave,-6.116666667,145.1166667
Columbia-Wenatchi,47.5,-120
Yaitepec Chatino,16.25,-97.25
Cayuga,42.75,-76.75
Cheyenne,47,-95
Cayuvava,-13.5,-65.5
Czech,50,15
Da'a,-1,119.5833333
Daba,10.16666667,13.75
Dadibi,-6.55,144.5833333
Daga,-10,149.3333333
Dahalo,-2.333333333,40.5
Dakota,45,-93.5
Damana,11,-73.5
Dan,7.5,-8
Darai,24,84
Datooga,-4.333333333,35.33333333
Dâw,-0.25,-67.08333333
Day,8.75,17.83333333
Dabida,-4,38.66666667
Brabantic Dutch,50.75,4.5
Blowo Dan,7.333333333,-8.166666667
Casiguran Dumagat,16.33333333,122
Dhuwal,-12.16666667,136.25
Dar Fur Daju,12.25,25.25
Dadjriwalé,5.25,-5.666666667
Donno So,14.33333333,-3.583333333
Defaka,4.583333333,7.5
Degema,4.75,6.75
Dení,-6,-67
Dla (Proper),-3.583333333,141
Desano,0.8333333333,-69.83333333
Deti,-20.5,24.5
Deuri,26,90.25
Dagaare,10.5,-2.666666667
Dagbani,9.583333333,-0.5
Deutsche Gebärdensprache,52,11
Dogri,33,75
Dongo,3,30
Dagur,48,124
Degexit'an,62,-160
Dhaasanac,4.666666667,36.33333333
Dharumbal,-22.75,150.5
Dhivehi,4.166666667,73.5
Dhalandji,-22.08,115
Dhimal,26.66666667,87.75
Dhargari,-23.75,114.9166667
Dhurga,-35.66666667,150
Dharawal,-34.5,150.5
Didinga,4.5,33.5
Diegueño,32.66666667,-116.1666667
Digaro,28.41666667,96
Dime,6.166666667,36.25
Dinka,8.5,28
Diola-Fogny,13,-16.25
Diyari,-28,139
Dizi,6.166666667,36.5
Djabugay,-16.75,145.5833333
Djingili,-17.75,134
Djambarrpuyngu,-12.16666667,135.5
Djinang,-12.33333333,134.8333333
Djapu,-12.66666667,136
Djaru,-18.75,128
Limburg Dutch,51,5.5
Dla (Menggwa),-3.55,141.0333333
Duma,-0.95,13
Dumi,27.25,86.66666667
Dumaki,36.16666667,74
Dimasa,25.5,93
Ding,-4.333333333,19.5
Dani,-4.333333333,138.8333333
Western Dangaléat,12.16666667,18.33333333
Dobel,-6.25,134.6666667
Doko,3,23.08333333
Dolgan,71.25,98
Domari,32,35
Southern Dong,27,109
Doutai,-3.333333333,138.1666667
Doyayo,8.666666667,13.08333333
Drehu,-21,167.25
Dargwa,42.25,47.41666667
Dari,35,66
Darma,30,79.75
Danish,56,10
Toro So,14.41666667,-3.25
Duala,4,9.416666667
Dullay (Gollango),5.5,37.25
Duka,11.16666667,5.083333333
Dulong,28,98.33333333
Dumo,-2.683333333,141.3
Duna,-5.5,142.5
Dutch,52.5,6
Zeeuws Dutch,51.5,3.75
Dyirbal,-17.83333333,145.5833333
Dyimini,8.416666667,-4.416666667
Dyula,9.833333333,-4.666666667
Ebira,8.166666667,7
Edolo,-6.166666667,142.6666667
Efik,4.916666667,8.5
Ega,5.5,-5.5
Engenni,5.166666667,6.383333333
Eipo,-4.333333333,140.0833333
Ejagham,5.416666667,8.666666667
Ekari,-3.833333333,135.5
Ekoti,-16.5,39.5
Elseng,-3,140.5
Northern Emberá,6.833333333,-77.16666667
Embera Chami,5,-76
Émérillon,3.166666667,-52.41666667
Embaloh,1.166666667,112.3333333
Emmi,-13.5,130
Enga,-5.5,143.6666667
Enets,67.5,86.5
English,52,0
Enggano,-5.416666667,102.25
Enya,-0.5,25.25
Epena Pedee,3,-77
South Efate,-17.75,168.4166667
Erromangan,-18.83333333,169.1666667
Ese Ejja,-11,-66
Esmeraldeño,0.3333333333,-79.83333333
Esselen,36.25,-121.75
Estonian,59,26
Etsako,7.25,6.5
Eudeve,29.16666667,-109.6666667
Evenki,56,125
Even,68,130
Anglo Ewe,6,1
Ewe,6.333333333,0.4166666667
Ewondo,4,12
Eyak,60.5,-145
Faroese,62,-7
Fasu,-6.583333333,143.3333333
Burkina Faso Fula,14,0
Eastern Frisian,53.58333333,7.5
Fe'fe',5.25,10.16666667
Fula,10.25,11.25
Guinean Fula,11.5,-12.5
Fijian,-17.83333333,178
Finnish,62,25
Fiote,-5.5,14
Wayan Fijian,-17,177.3
Liptako Ful,13.5,0.5
Mauritanian Fula,16.5,-13.75
Nigerian Fula,8.166666667,10.5
North Frisian,54.5,9
Foe,-6.5,143.5
Fongbe,6.416666667,2.166666667
Fore,-6.75,145.5
Fox,43,-83
Momu,-3,141.5833333
Fordata,-6.75,131.5
French,48,2
Frisian,53,5
Western Frisian,53,6
Finnish Sign Language,62,26
Cameroonian Fula,9.166666667,13.5
East Futuna,-14.33333333,-178.1666667
Fulniô,-8,-37.5
Fulfulde (Maasina),15,-5
Fur,13.5,25
Senegal Fula,15,-14
Futuna-Aniwa,-19.53333333,170.2166667
Fuzhou,26,119.5
Fyem,9.583333333,9.333333333
Gã,5.666666667,-0.1666666667
Gaagudju,-12.58333333,132.8333333
Gade,8.666666667,7.416666667
Scots,57.1,-4.1
Scottish Gaelic,57,-4
Gagauz,46.33333333,28.66666667
Gahuku,-6,145.4166667
Galo,28.16666667,94.66666667
Gamo,6.666666667,37.25
Great Andamanese,12,92.66666667
Gapapaiwa,-9.75,149.8333333
Garo,25.66666667,90.5
Upper Austrian German,47,14
Gavião,-10.66666667,-62
Gayo,4.5,97.5
Bavarian German,49,11.5
Gbeya Bossangoa,6.666666667,17.5
Guinea Bissau Crioulo,12,-15
Bern German,47,7.416666667
Gbaya Kara,6,15
Berlin German,52.5,13.33333333
Cypriot Greek,34.75,33
Gutob,19,83.66666667
Guduf,11.23333333,13.8
Godié,5.416666667,-5.833333333
Gadaba,18.75,83.5
Guadeloupe Creole,16.25,-61.5
Gidar,10,14
Gadsup,-6.25,146
Gela,-9.083333333,160.25
Georgian,42,44
German,52,10
Guianese French Creole,5,-53
Gugadj,-18.5,140.5
Gureng Gureng,-25.25,151
Hannover German,52.41666667,9.666666667
Guahibo,5,-69
Ghotuo,7.083333333,5.75
Bunan,32.5,77
Gidabal,-28.41666667,152.4166667
Gilaki,37.33333333,50
Gimira,7,35.75
Gula Iro,10.25,19.41666667
Gitksan,55.33333333,-127.75
Giziga,10.33333333,14.16666667
Gurindji,-17.66666667,130.6666667
Guajajara,-5,-46
Gününa Küne,-41,-67
Gelao,22.91666667,105.5
Galician,43,-8
Galela,2.416666667,128.3333333
Golin,-6.333333333,144.75
Gaalpu,-12.66666667,136.75
Mansfeldisch German,51.58333333,11.5
Guambiano,2.5,-76.66666667
Gamilaraay,-29.83333333,149.5
Gumatj,-12.5,135.5
Gumawana,-9.25,150.8333333
Gumuz,12.5,35.83333333
Guana,-22,-58
Gunbalang,-12,134
Ga'anda,10.33333333,12.58333333
Gunin,-14.25,126.6666667
Guanano,0.8333333333,-69.5
Gunya,-26.5,146.5
Goajiro,12,-72
Godoberi,42.66666667,46.08333333
Goemai,8.666666667,9.75
Gogodala,-8.083333333,142.8333333
Gojri,32.75,76.25
Gokana,4.583333333,7.333333333
Gola,7.25,-10.83333333
Gondi,19,81
Gooniyandi,-18.33333333,126.3333333
Gorowa,-4.5,36.5
Ostschweiz German,47.41666667,9.25
Appenzell German,47.33333333,9.333333333
Grebo,5,-8
Greenlandic,62,46
East Greenlandic,65,-40
Garífuna,15.66666667,-88
Gurr-goni,-12.25,134.4166667
Guarijío,27.75,-108.6666667
Greek,39,22
Gurma,12.25,1
Gurenne,10.83333333,-0.9166666667
Guro,7,-6
Ripuarian German,51,7
Garrwa,-17.08333333,137.1666667
Garus,-4.95,145.6666667
Gorontalo,0.5,122
West Greenlandic,64,-51
Greek Sign Language,38.5,22
South Greenlandic,60,-44
Thurgau German,47.58333333,9.166666667
Thuringian German,51,11
Timisoara German,45.75,21.25
Guató,-17,-58
Guaraní,-26,-56
Gude,10.41666667,13.41666667
Guere,6.666666667,-7.75
Gupapuyngu,-12,136
Gugada,-30,134
Guhu-Samane,-8,147.3333333
Gujarati,23,72
Gula (Central African Republic),9.5,22.5
Gumbaynggir,-30.16666667,152.5
Gunu,4.583333333,11.25
Guaque,1,-72.08333333
Gurung,28.33333333,84.33333333
Gusii,-0.75,34.83333333
Gurma,10.75,0.6666666667
Guugu Yimidhirr,-15,144.8333333
Gungbe,6.5,2.5
Viennese German,48.16666667,16.33333333
Gwari,9.5,7
Westphalian German,52,7.5
Gworok,9.916666667,8.166666667
Guayabero,2.833333333,-72
Gyarong,31.5,102
Zurich German,47.41666667,8.5
Hadza,-3.75,35.16666667
Haida,53,-132
Hakka,25,116
Halia,-5.25,154.6666667
Hamtai,-7.5,146.25
Hani,23,103
Haruai,-5.083333333,144.1666667
Hatam,-1,134
Hausa,12,7
Havasupai,35.75,-112.5
Hawaiian,19.58333333,-155.5
Hayu,27.25,86
Ashkenazic Hebrew,31.75,35.16666667
Haitian Creole,19,-72.5
Hdi,11.86666667,13.71666667
Hebrew,31.5,34.83333333
Hehe,-8,36
Heiltsuk,52,-127.5
Hemba,-6.25,27.16666667
Herero,-20.58333333,19
Hanga Hundi,-3.833333333,142.9166667
Hianacoto,0.8333333333,-71
Hidatsa,47,-102.5
Hiligaynon,10.25,123
Hindi,25,77
Hixkaryana,-1,-59
Hong Kong Sign Language,22.5,114
Halbi,21,81
Halkomelem,49.2,-123
Halang,14.5,107.5
Hualapai,35.5,-113.75
Hmar,24.16666667,93
Huambisa,-4,-78
Hmong Daw,26,105
Huitoto (Minica),-0.3333333333,-74
Hmong Njua,28,105
Hamer,5,36.5
Huitoto (Muinane),-2.416666667,-71
Mina,10.33333333,13.83333333
Hunde,-1.166666667,28.83333333
Hinuq,42.16666667,46
Hanunóo,12.33333333,121.25
Northern Haida,54,-132.5
Ho,22,86
Hoava,-8.083333333,157.5
Hokkien,25,118
Holoholo,-5.166666667,29.91666667
Hopi,36,-110
Hup,0.1666666667,-69.25
Hre,14.66666667,108.6666667
Harari,9.25,42.16666667
Harsusi,20,56.5
Haisla,54,-128.75
Huastec,22.08333333,-99.33333333
Huitoto,-1,-74
Hua,-6.333333333,145.3333333
Huichol,22,-104
Huitoto (Murui),-1,-73.5
Hungarian,47,20
Hupa,41.08333333,-123.6666667
Huave,16.21666667,-95
Hawaiian Creole,21.5,-158
Hawrami,35.75,45.5
Haya,-2,31.5
Hyow,22.08333333,92.41666667
Hunzib,42.16666667,46.25
Iaai,-20.41666667,166.5833333
Iatmul,-4.25,143.25
Iau,-3.166666667,137.5
Iban,2,112
Ibibio,5.25,7.833333333
Ibanag,17.5,121.6666667
Icelandic,65,-17
Icelandic Sign Language,65,-18
Iduna,-9.333333333,150.25
Idoma,6.916666667,7.5
Idu,29.33333333,95.83333333
Fiorentino Italian,43.75,11.25
Ifumu,-3.666666667,15.33333333
Batad Ifugao,16.83333333,121.0833333
Inga,1,-77
Igbo,6,7.333333333
Igede,7,8.166666667
Ignaciano,-15.16666667,-65.41666667
Ingessana,11.5,34
Iha,-2.916666667,132.25
Papuan Indonesian,-2.5,140.6666667
Ijo (Kolokuma),4.916666667,5.666666667
Ik,3.75,34.16666667
Ika,10.66666667,-73.75
Ila,-15.58333333,26.5
Illinois,40,-90
Ilocano,16,121
Imonda,-3.333333333,141.1666667
Inanwatan,-2.083333333,132.0833333
Indonesian,0,106
Ingush,43.16666667,45.08333333
Jakarta Indonesian,-6.166666667,106.75
Innamincka,-27.75,140.75
Inuktitut,62.5,80
Rankin Inlet Inuktitut,63,-92
Salluit Inuktitut,62,-76
Iñupiaq,67,-161
Indo-Pakistani Sign Language (Indian dialects),24,80
Indo-Pakistani Sign Language (Karachi dialect),28,68
Quebec-Labrador Inuktitut,62,-73
Iquito,-3.25,-74
Donegal Irish,55,-8
Irish,53,-8
Munster Irish,52.5,-9
Iraqw,-4,35.5
Irarutu,-3,133.5
Irish Sign Language,53.5,-7.5
Iranxe,-13,-58
I'saka,-2.833333333,141.2833333
Isekiri,5.666666667,5.5
Ishkashmi,37,72
Isirawa,-1.833333333,138.5
International Sign,40,-170
Isnag,18.25,121
Isoko,5.5,6.25
Israeli Sign Language,32,34.83333333
Italian,43,12
Bologna Italian,44.5,11.33333333
Itelmen,57,157.5
Genoa Italian,44.41666667,8.95
Napolitanian Italian,40.91666667,14.25
Itonama,-12.83333333,-64.33333333
Turinese Italian,45,7.666666667
Itawis,17.75,121.5
Itzaj,17,-89.83333333
Ivatan,20.5,122
Southern Ivatan,20.33333333,121.8333333
Iwaidja,-11.5,132.6666667
Iwam,-4.333333333,142
Ixcatec,17.83333333,-97.16666667
Ixil,15.5,-91
Izhor,59,29
Izi,6.333333333,8
Jabêm,-6.583333333,147.7833333
Jad,30.83333333,79
Jahai,5.75,101.5
Jakaltek,15.66666667,-91.66666667
Jaminjung,-15.08333333,130.5
Jaqaru,-13,-76
Jarawa (Nigeria),9.5,10.5
Javanese,-7,111
Jabutí,-12.25,-62.25
Jamaican Creole,18.16666667,-77.25
Jebero,-5.416666667,-76.5
Jeh,15.16666667,107.8333333
Jeli,9.5,-5.666666667
Jemez,35.83333333,-107
Jiarong,31.5,102
Jibbali,17.5,55
Jino,22,101
Jivaro,-2.5,-78
Luwo,8,28
Jamamadi,-7.5,-67
Jur Mödö,6,30
Jamsay,14.41666667,-2.5
Jingpho,25.41666667,97
Johari,30.66666667,80
Jomang,10.58333333,30.5
Japanese,37,140
Japreria,10.5,-73
Juruna,-5,-54.5
Jarawa (Andamans),12,92.58333333
Juat,-31,115.5
Jugli,27.5,96.33333333
Ju|'hoan,-19,21
Jukun,6.916666667,10.41666667
Júma,-7.5,-64
Juang,21.33333333,86
Jurchen,47,130
Karajá,-10,-50.33333333
Jarawara,-7.5,-65.5
Arara-Karo,-10.33333333,-62
Kabardian,43.5,43.5
Kachari,26.5,91
Kadugli,11,29.66666667
Kaki Ae,-8,145.8333333
Komering,-3.166666667,104.9166667
Kaian,-4.083333333,144.75
Kaure,-3.416666667,140.0833333
Kamano-Kafe,-6.25,145.6666667
Kalami,35.5,72.5
Kambera,-9.833333333,120.1666667
Kana,4.75,7.416666667
Karao,16.5,120.8333333
Kela,-7.416666667,147.0833333
Kaurna,-34.25,138.5
Kara (Central African Republic),10,23
Kashmiri,34,76
Kâte,-6.5,147.75
Kaulong,-6.166666667,149.6666667
Kaiwá,-23,-55
Kayardild,-17.05,139.5
Kazakh,50,70
Kamba,-1.5,38
Kabui,24.83333333,94
Kabyle,36.5,5
Kambot,-4.25,144.1333333
Baram Kayan,3.5,114.5
Kabatei,36.75,49.41666667
Kanembu,14,15
Karen,19,98
Bwe Karen,19.5,97
Kabiyé,9.666666667,1.166666667
Koyra Chiini,17,-3
Konda,19.5,83
Karipuna do Guapore,-10,-65
Kadiwéu,-20,-57
Kadazan,5.916666667,117.1666667
Kanjobal,15.5,-91.7
Eastern Kanjobal,15.33333333,-91.66666667
Kedang,-8.25,123.75
Kefa,7.25,36.25
Kei,-5.833333333,132.9166667
K'ekchí,16,-89.83333333
Kele,-2.083333333,147.0833333
Kemant,12.66666667,37.41666667
Kenga,12,18
Keo,-8.833333333,121.25
Kera,9.833333333,15.08333333
Ket,64,87
Kenyah,3,115.8333333
Kewa,-6.5,143.8333333
Australian Kriol,-18.16666667,125.5833333
Koromfe,14.25,-0.9166666667
Kirghiz (Fu-Yu),47.75,124.4166667
Kinga,-9,34
Konyagi,12.5,-13.25
Umbu Ungu,-6,144
Kagoma,9.25,8.166666667
Kagulu,-6.333333333,37
Kangiryuarmiut,68.33333333,-133.75
Kalkatungu,-21,139.5
Kyirong,28.41666667,85.33333333
Kirghiz,42,75
Khalkha,47,105
Dege Kham,31.83333333,98.58333333
Khaling,27.5,86.66666667
Khinalug,41.16666667,48.08333333
Khakas,53,90
Khalaj,35,50
Khmer,12.5,105
Khün,21,100
Khoekhoe,-25.5,18
Kharia,22.5,84.33333333
Khasi,25.5,92
Khumi,21.91666667,92.41666667
Khwarshi,42.25,46.16666667
Khowar,36,72
Kickapoo,42.25,-84
Kire,-4.25,144.75
Kitja,-17.5,127.75
Kikuyu,-0.75,36.75
Kiluba,-8,26
Kimaghama,-8,138.5
Kinyarwanda,-2,30
Kiowa,37,-99
Kalmyk,42.41666667,78.33333333
Kirma,10.25,-4.833333333
Kisi,8.833333333,-10.16666667
Kitsai,31.83333333,-96.5
Kui (Indonesia),-8.433333333,124.55
Southern Kiwai,-8,143.5
Koreguaje,1,-75.5
Kurmanji,38,42
Kunjen,-16.5,142.5
Konjo,-5.466666667,120.3333333
Koorete,5.833333333,37.83333333
Konkomba,10,0.08333333333
Kata Kolok,-8.25,115.1666667
Konkani,15.25,74
Koranko,9.333333333,-11.25
Karakalpak,43,60
Kuikúro,-12.41666667,-53.08333333
Kirikiri,-3,137.1666667
Kokota,-8,159.1333333
Korku,22.5,78.5
Lusi,-5.583333333,149.6666667
Karankawa,28,-97
Kankanay,16.75,120.5833333
Kokni,20.75,73.5
Klao,4.75,-8.75
Kilba,10.33333333,13.16666667
Kulung,27.5,87
Kalasha,35,72
Kaili,-1.166666667,120
Koh (Lakka),8,15.5
Kaluli,-6.5,142.75
Klamath,42.5,-121.5
Kolana,-8.25,125.1166667
Kalapuya,44.5,-123
Kalam,-5.25,144.5833333
Koluri,37,48
Kalispel,48,-117
Kelabit,3.666666667,115.4166667
Kilivila,-8.5,151.0833333
Kiliwa,31.33333333,-115.6666667
Kala Lagaw Ya,-10.11666667,142.1166667
Kalanga,-20.5,27.5
Kamaiurá,-12.08333333,-52.58333333
Kombai,-5.583333333,140
Kham,28.5,82.75
Kami,-6.75,38
Karimojong,3,34.16666667
Kalmyk,44,83
Kuman,-5.916666667,145
Mountain Koiali,-9,147.5
Kunimaipa,-8,146.8333333
Kamoro,-4.333333333,136
Kamass,52,92
Kemtuik,-2.666666667,140.3333333
Khmu',21,102
Kamu,-13.58333333,130.8333333
Kamasau,-3.916666667,143.6666667
Karitiâna,-9.5,-64
Bädi Kanum,-8.833333333,140.75
Kugu Nganhcara,-14.41666667,142
Kannada,14,76
Kaingang,-26,-52
Konni,10.25,-1.583333333
Kanakuru,10,12
Kunama,14.5,37
Kinnauri,31.5,78
Kanoê,-13.25,-61
Ngkâlmpw Kanum,-8.666666667,140.9166667
Ngukurr Kriol,-14.83333333,135
Kanuri,12,13
Konua,-5.833333333,154.8333333
Konkow,39.5,-121.5
Tibetan Kham,32.5,96.5
Koasati,34.83333333,-85.16666667
Kobon,-5.166666667,144.3333333
Kodava,12.16666667,76.83333333
Koegu,7,36.08333333
Kohumono,6,8.116666667
Koiari,-9.5,147.3333333
Kokborok,24.33333333,92.5
Kolami,20,78.5
Komo,8.75,33.75
Kongo,-5,15
Kola,-5.5,134.5
Komi-Permyak,59.5,54.5
Korean,37.5,128
Kosraean,5.3,163
Kota,11.5,77.16666667
Kom,6.25,10.33333333
Winye Ko,11.86666667,-2.916666667
Koya,17.5,81.33333333
Kpan,7.583333333,10.16666667
Kpelle,7,-10
Kapampangan,15.33333333,120.5
Kapingamarangi,1.05,154.75
Kposo,7.5,0.8333333333
Pwo Karen,13,99.16666667
Krenak,-15.5,-41
Kara (Papua New Guinea),-2.833333333,151.1166667
Kiribati,1.333333333,173
Karachay-Balkar,43.5,42
Kurdish,36,44
Kresh,8.5,24.5
Korafe,-9.05,149.0833333
Karanga,-20,31
Krahô,-8,-48
Kipea,-10,-37
Karadjeri,-19,122
Karok,41.66666667,-123
Karelian,64,32
Karaim,54.66666667,24.91666667
Korana,-29.5,20.5
Krongo,10.5,30
Kerek,62.25,175
Kairiru,-3.333333333,143.5833333
Karata,42.58333333,46.33333333
Korowai,-5.25,140
Koryak,61,167
Kryz,41.08333333,48
Keresan,35.41666667,-106.6666667
Koyraboro Senni,16,0
Sgaw Karen,18,97
Kashaya,38.66666667,-123.3333333
Ksingmul,21.08333333,104
Kenyan Sign Language,0,38
Kasem,11.25,-1.25
Kasong,12.75,102.1166667
Kosop,9.916666667,15.91666667
Kisar,-8.083333333,127.1166667
Southern Kisi,8.5,-10.25
Kashubian,54,18
Koita,-9.333333333,147.0833333
Kituba,-5,17.5
Katcha,10.83333333,29.66666667
Kete,-7,22.83333333
Kutchin,67,-146
Kati (West Papua),-5.75,140.9166667
Kotoko,11.33333333,15.33333333
Katla,11.83333333,29.33333333
Ketengban,-4.5,140.5
Kato,39.66666667,-123.6666667
Ketapang,-1.866666667,110
Kott,57,94
Katu,15.83333333,107.5833333
Khanty,65,65
Kati (Afghanistan),35.5,70
Kualan,-0.4166666667,110.4166667
Kunming,25,102.75
Kui (India),20,83.5
Kukú,5.833333333,31.66666667
Kullo,6.75,37.08333333
Kumauni,30,80
Kuna,8,-77.33333333
Kuot,-3.05,151.5
Kumyk,43,47.33333333
Kurukh,22.83333333,85.5
Kusunda,28,84.66666667
Kutenai,49.5,-116
Kuuku Ya'u,-12.58333333,143.0833333
Kuvi,18.75,82.66666667
Kutai,-0.3333333333,116.6666667
Kulamanen,7.75,125
Kwaio,-8.95,161
Kwerba,-2.25,138.5
Western Kanjobal,15.83333333,-91.83333333
Kwakw'ala,51,-127
Kwami,10.41666667,11
Kwangali,-18,19.5
Kwoma,-4.166666667,142.75
Kwamera,-19.58333333,169.4166667
Kawaiisu,36,-117.5
Kwomtari,-3.5,141.5
Iwoyo,-5.5,12.25
Kwaza,-12.58333333,-60.66666667
Kxoe,-17.5,22.5
Kuku-Yalanji,-16,145
Kenyang,5.666666667,9.5
Kyaka,-5.55,144.0833333
Kayah Li,19,97.5
Krymchak,45,34.25
Koyukon,65,-155
Kanyok,-7.333333333,23.58333333
Kayapó,-9,-52
Kyuquot,50.16666667,-127.1666667
Karkar-Yuri,-3.75,141.0833333
Kaytej,-21,134
Kayabí,-11,-55.5
Kam,26,108.5
Komi-Zyrian,65,55
Laal,10,17.66666667
Labu,-6.75,146.9166667
Lacandón,17,-91.5
Ladakhi,34,78
Lafofa,10.25,31.25
Lagwan,11.5,14.83333333
Lahu,20,98.16666667
Lai,22.66666667,93.66666667
Lak,42.16666667,47.16666667
Lalo,25,100.25
Lamé,9,14.5
Lango,2.166666667,33
Lao,18,103
Laragia,-12.66666667,130.8333333
Latvian,57,24
Lau,-9.583333333,161.5
Lavukaleve,-9.083333333,159.2
Laz,41.5,41.5
Lunda,-10.66666667,24
Lachi,22.66666667,104.8333333
Lesser Antillean French Creole,15,-61.16666667
Luganda,0.5,32.16666667
Ladin,46.58333333,11.91666667
Londo,5,9.166666667
Lendu,2,30.5
Lebeo,1.75,25
Leko,-15,-67.91666667
Lega,-2.833333333,27.16666667
Lele,9.083333333,15.58333333
Lenakel,-19.45,169.25
Lepcha,27.16666667,88.5
Lese,2,29
Leti,-8.2,127.6666667
Lewo,-16.75,168.3333333
Lezgian,41.66666667,47.83333333
Luangiua,-5.333333333,159.4166667
Low German,53,10
Lughat al-Isharat al-Lubnaniya,34,35.83333333
Langi,-4.5,36
Língua Gestual Portuguesa,40,-8
Logoti,3.5,30
Longgu,-9.75,160.6666667
Laha,21.58333333,103.9166667
Lhomi,27.66666667,87.41666667
Hlai,19,109.5
Lingua Italiana dei Segni,42,13
Lillooet,50.75,-122
Limbu,27.16666667,87.75
Lingala,2,18.5
Lisu,26,98
Lithuanian,55,24
Liv,56.83333333,24
Lauje,-0.5,120
Lakkia,24.08333333,110.1666667
Lakhota,43.83333333,-101.8333333
Lamu-Lamu,-14.83333333,144.5
Lelemi,7.333333333,0.5
Loma,8,-9.5
Lamba,-13,28
Lamang,11.25,13.58333333
Lamaholot,-8.25,122.9166667
Limilngan,-12.5,131.9166667
Lamani,17,77
Lampung,-5,105
Lamen,-16.58333333,168.1666667
Linda,6.5,20.75
Lengua,-22.5,-59
Linngithig,-12.5,142.83
Ladino,40,33
Lamnso',6.166666667,10.75
Lonwolwol,-16.21666667,168
Lobi,10.5,-3.25
Loko,9.333333333,-12.08333333
Loniu,-2.066666667,147.3333333
Lotha,26.5,94.25
Lou,-2.383333333,147.3166667
Loven,15,106.3333333
Lozi,-17.83333333,26
Lardil,-16.5,139.3333333
Larike,-3.75,127.9166667
Lengua de Señas Argentina,-34,-63
Língua de Sinais Brasileira,-15,-48
Lengua de Señas Española,40,-3
Langue des Signes Française,47,3
Langue des Signes Québecoise,48,-75
Lü,22,100.6666667
Lua,9.75,17.75
Lucazi,-14,20
Lun Dayeh,4,115.9166667
Lugbara,3.083333333,30.91666667
Luiseño,33.33333333,-117.1666667
Lule,-28,-64
Lummi,48.7,-122.6666667
Lungchang,27.5,96.41666667
Luo,-0.5,34.75
Luri,33.5,48.5
Lushootseed,48,-122
Luvale,-12,22
Luxemburgeois,49.83333333,6.166666667
Luyia,0.4166666667,34.5
Lyele,12.5,-2.666666667
Ma,3.5,28
Maasai,-3,36
Maba,13.75,20.83333333
Macushi,4,-60
Ma'di,3.25,31.5
Mae,-16,167.25
Magar,28,83
Mari,57,53
Hill Mari,57,58
Maithili,26,86
Majang,6.75,35
Makah,48.33333333,-124.6666667
Malagasy,-20,47
Mam,15,-91.83333333
Mano,7,-9
Maori,-40,176
Mapudungun,-38,-72
Maricopa,33.16666667,-113.1666667
Masa,10.5,15.5
Maung,-11.91666667,133.5
Maring,-5.5,144.6666667
Maninka,13,-11
Maxakalí,-18,-40
Maybrat,-1.333333333,132.5
Mazahua,19.41666667,-99.91666667
Mba,1,25
Mbabaram,-17.16666667,145
Mbere,-0.5,14
Mbugu,-4.333333333,38.16666667
Mbili,6.116666667,10.2
Mbole,-0.6666666667,24.66666667
Mbum,7.75,13.16666667
Monumbo,-4.25,145
Mbara,11,15.41666667
Mangbetu,2.5,26.5
Manambu,-4.25,142.8333333
Mbay,8.25,17.5
Mbe',6.283333333,11.08333333
Maca,-25,-57.5
Mochica,-7.5,-79.33333333
Macedonian,41.66666667,21.75
Mískito Coast English Creole,16.25,-88.83333333
Michif,52,-100.1666667
Macaguán,6.5,-71.33333333
Machiguenga,-12,-72.66666667
Macuna,-0.3333333333,-70.16666667
Coatlán Mixe,16.91666667,-95.66666667
Mauritian Creole,-20.33333333,57.5
Central Sierra Miwok,38,-120.3333333
Mocoví,-28,-60.5
Mada (Cameroon),10.83333333,14.16666667
Mudburra,-17.33333333,132.0833333
Mende,7.833333333,-11.5
Mundang,9.666666667,14.5
Mandinka,13,-15.66666667
Matngele,-13.83333333,130.4166667
Madimadi,-34.5,143.5
Mandan,46.5,-102.5
Mbodomo,4.5,15.5
Madurese,-7,113.5
Manadonese,1.5,124.8333333
Mündü,4.5,30
Mbosi,-1.25,15.5
Mada (Nigeria),8.75,8.25
Meyah,-1.166666667,133.5
Melayu Betawi,-6.5,107
Me'en,5,37
Mehri,17,51.5
Meithei,24.75,94
Mekens,-12.5,-61.5
Melanau,2.5,111.5
Manem,-3,140.8333333
Menomini,45.5,-88.33333333
Meryam Mir,-9.916666667,144.0833333
Menya,-7.25,146
Mondunga,2.25,21.5
Mongondow,0.6666666667,124
Mnong,12.66666667,108.5
Mangghuer,36,102
Magahi,23.5,85.5
Magi,-10.33333333,149.3333333
Mungaka,5.916666667,10
Mingrelian,42.5,42
Magindanao,6.833333333,124.5
Mongo,0,21
Mango,8.75,17
Musgu,10.83333333,14.91666667
Mahican,42.66666667,-73.5
Marathi,19,76
Mehek,-3.75,142.5
Hill Miri,27.91666667,93.83333333
Mah Meri,2.833333333,101.5
Mbalanhu,-17.5,15
Micmac,45,-63
Midob,15.08333333,26.25
Mien,25,111
Migama,12.16666667,19.83333333
Miisiirii,13.5,22
Miju,29,96
Mikir,26.33333333,93.5
Milang,28.5,95.25
Minangkabau,-1,101
Miriwung,-15.66666667,129
Miskito,14,-83.66666667
Mituku,-1.666666667,25.5
Miya,10.91666667,9.666666667
Mizo,23.16666667,92.83333333
Jamiltepec Mixtec,16.25,-97.83333333
San Juan Colorado Mixtec,16.5,-98
Manjaku,12,-16.25
Mauka,8.333333333,-7.5
Bodega Miwok,38.33333333,-123
Makonde,-11,40
Mekeo,-8.333333333,146.5
Mandinka,13.41666667,-16
Mongol,49,117
Mikasuki,32,-85
Makasae,-8.666666667,126.5
Maklew,-7.666666667,139.4166667
Mankanya,12.08333333,-15.91666667
Mokilko,11.91666667,18.08333333
Mankon,6,10.16666667
Mikarew,-4.416666667,144.9166667
Makassar,-5.416666667,119.5833333
Maranungku,-13.66666667,130
Máku,0.4166666667,-69.83333333
Makaa,3.416666667,12.25
Mambila,6.75,11.5
Malacca Creole,2.2,102.25
Maale,6,36.91666667
Malgwa,11.5,13.75
Mali,-4.833333333,152.25
Malakmalak,-13.41666667,130.4166667
Molala,44.5,-122.5
Mlabri,18.5,101
Maltese,35.91666667,14.41666667
Maleu,-5.716666667,148.4166667
Malay,3,102
Mandaic,31,48.5
Mangap-Mbula,-5.666666667,148.0833333
Meadow Mari,57,48
Mambai,9.666666667,14
Mamanwa,9.416666667,125.5
Moksha Mordvin,54,44
Mampruli,10.33333333,-0.6666666667
Mamasa,-3.083333333,119.6666667
Ulu Muar Malay,2.666666667,102.5
Mamvu,3.25,29
Mambwe,-9.083333333,31.16666667
Southern Mam,14.83333333,-91.66666667
Muna,-5,122.5
Manchu,49.5,127.5
Mandarin,34,110
Maidu,40,-120.6666667
Manggarai,-8.5,120.3333333
Moni,-3.666666667,137
Mantjiltjara,-22.66666667,125.0833333
Maninka,10.5,-9.5
Manam,-4,145
Mono (United States),38,-119
Mandar,-3.416666667,119.0833333
Mansi,62,62
Mentawai,-1.5,99
Mun,19,110
Minaveha,-9.6,150.4666667
Manx,54.16666667,-4.5
Margany,-27,144.5
Munzombo,3,18.41666667
Mono-Alu,-7.05,155.75
Moca,7.583333333,35.5
Erzya Mordvin,53,45.5
Mofu-Gudur,10.5,14
Moghol,35,62
Mohawk,43.5,-74.25
Mojave,34.66666667,-114.5833333
Mokilese,6.666666667,159.75
Moldavian,47,29
Mombum,-8.25,138.75
Mon,14.83333333,100.5
Mooré,12.83333333,-1.25
Mopan,16.58333333,-88.66666667
Mor,-2.95,135.75
Mosetén,-14.75,-67.83333333
Motuna,-6.616666667,155.4166667
Moru,4.75,29.75
Movima,-13.83333333,-65.66666667
Murrinh-Patha,-14.66666667,129.6666667
Mpongwe,-1.25,9.5
Maipure,5.5,-67.5
Mian,-4.75,141.5
Mpur,-0.75,133.25
Mapoyo,6,-67
Martinique Creole,14.66666667,-61
Momuna,-4.833333333,139.25
Mara,-15,135.1666667
Marchha,30.25,79.58333333
Marind,-7.833333333,140.1666667
Margi,11,13
Marrithiyel,-13.83333333,130
Moraori,-8.583333333,140.6666667
Mirniny,-31,129
Murik,-3.833333333,144.25
Murle,6.5,33.5
Maranao,7.833333333,124.25
Moro,11,30.16666667
Marquesan,-8.916666667,-140.0833333
Maringarr,-14.25,130
Mairasi,-3.5,134
Martuthunira,-20.83333333,116.5
Maru,23.5,98.5
Muruwari,-28.75,147
Muisca,5,-74
Munsee,41.5,-74.66666667
Mising,28.5,94.83333333
Marshallese,7.116666667,171.05
Masakin,10.66666667,30
Masalit,13.33333333,22
Musom,-6.583333333,147
Maisin,-9.5,149.1666667
Musqueam,49.16666667,-123
Southern Sierra Miwok,37.5,-120
Syangja Magar,28.08333333,83.83333333
Mentuh Tapuh,1.25,111
Matuumbi,-8.5,39
Montagnais,52,-65
Tlahuitoltepec Mixe,17.08333333,-96.16666667
Barí,9,-73
Matukar,-4.916666667,145.75
Mattole,40.16666667,-124.1666667
Malto,25,87.33333333
Totontepec Mixe,17.25,-96
Matis,-4.416666667,-70.25
Massachusett,42.5,-71
Motu,-9.333333333,147
Makua,-15,38.66666667
Mundani,5.666666667,9.916666667
Bargam,-4.883333333,145.75
Muher,8.166666667,38.16666667
Muinane,-1,-72.5
Mulao,25,108
Mumuye,9,11.66666667
Mundari,23,84.66666667
Muong,20.5,105.0833333
Mupun,9.5,8.833333333
Mursi,5.583333333,36.08333333
Mussau,-1.45,149.6166667
Mutsun,36.83333333,-121.5
Mundurukú,-7,-58
Muyuw,-9.083333333,152.75
Martu Wangka,-21.5,126
Manobo,7.666666667,124.75
Mawchi,21.33333333,73.66666667
Mwera,-9,39
Lake Miwok,38.91666667,-122.6666667
Northern Sierra Miwok,38.33333333,-120.6666667
Mwotlap,-13.58333333,167.5833333
Plains Miwok,38,-121
Atatlahuca Mixtec,17,-97.75
Chalcatongo Mixtec,17.05,-97.58333333
Ifira-Mele,-17.75,168.25
San Miguel el Grande Mixtec,17.05,-97.56666667
Jicaltepec Mixtec,16.33333333,-98
Alacatlatzala Mixtec,17.25,-98.58333333
Molinos Mixtec,17,-97.58333333
Ocotepec Mixtec,17.16666667,-97.75
Peñoles Mixtec,17.08333333,-96.91666667
Silacayoapan Mixtec,17.5,-98.16666667
Ayutla Mixtec,16.91666667,-99.16666667
Chayuco Mixtec,16.41666667,-97.83333333
Ayutla Mixe,17.08333333,-96.08333333
Yosondúa Mixtec,16.91666667,-97.58333333
Coatzospan Mixtec,18.08333333,-96.58333333
Ma'ya,-1.25,130.9166667
Mayogo,3,29
Mangarrayi,-14.66666667,133.5
Kuala Lumpur Malay,3.166666667,101.7
Malayalam,10,76.5
Ma'anyan,-2,115
Mayo,26,-108
Matsés,-5.416666667,-73.25
Mayi-Yapi,-20,141
Chiquihuitlán Mazatec,17.75,-96.91666667
Huautla Mazatec,18.25,-96.83333333
Mazanderani,36.5,52
Amadiya Neo-Aramaic,37,43
Nabak,-6.416666667,147
Nadëb,-1,-66.5
Nafaanra,8,-2.583333333
Nagatman,-3.75,141.5
Nahali,19.75,77.83333333
Nanai,49.5,137
Arbel Jewish Neo-Aramaic,31.75,35
Nakanai,-5.583333333,150.5833333
Nalik,-2.95,151.3333333
Namia,-3.833333333,141.75
Nandi,0.25,35
Persian Azerbaijan Neo-Aramaic,38,47
Nara (Ethiopia),15.08333333,37.58333333
Nasioi,-6.333333333,155.5833333
Natchez,31.75,-91.33333333
Nauruan,-0.5,166.9166667
Navajo,36.16666667,-108
Naxi,27.5,100
Big Nambas,-16.08333333,167.2
Nubian,20,31
Dongolese Nubian,18.25,30.75
Ngombe,3,23
Ghulfan,12,31
Natügu,-10.78333333,165.8666667
Ngbaka Ma'bo,3.56,18.36
Nyambo,-1,31.33333333
Ngäbere,8.666666667,-82
Car Nicobarese,9,93
Ncàm,9.333333333,0.6666666667
Ndebele (South Africa),-25.33333333,29
Nande,-0.08333333333,29.16666667
Ndogo,7.75,27
Ngbandi,3.75,22
Ndjébbana,-12.16666667,134.1166667
Ndonga,-18,17
Nadroga,-18.08333333,177.4166667
Ndut,14.91666667,-16.91666667
Ndumu,-1.666666667,13.58333333
Ndyuka,4.5,-54.5
Nederlandse Gebarentaal,52.25,5.5
Negidal,53,139
Nehan,-4.5,154.2
Nelemwa,-20.25,164.0833333
Nenets,69,72
Nepali,28,85
Nevome,31,-112.5
Newari,27.66666667,85.5
Neyo,5,-6
Nez Perce,46,-116
Nganasan,71,93
Ngbaka,3.5,20
Ngad'a,-8.833333333,121
Ngemba,6.2,10
Ngan'gityemerri,-14.25,130.4166667
Ngiyambaa,-31.75,145.5
Ngadjumaja,-32.33333333,123.8333333
Ngankikurungkurr,-14,130.5
Ngalakan,-14.25,134
Ngambay,8.666666667,16
Ngandi,-13.83333333,135
Ngoni,-11,36
Ngarinyeri,-36,140
Tangkhul Naga,25,94.5
Nguna,-16.91666667,168.5
Ngawun,-19,141.5
Ngarinyman,-16.5,130.5
Ngizim,12.08333333,10.91666667
Nhanda,-27,114.1666667
Nahuatl,20,99
Central Nahuatl,19,-98.25
Huasteca Nahuatl,22,-99
Michoacán Nahuatl,18.5,-103
North Puebla Nahuatl,20,-98.25
Pochutla Nahuatl,15.75,-96.5
Tetelcingo Nahuatl,19.66666667,-99
Huauchinango Nahuatl,20.16666667,-98.08333333
Xalitla Nahuatl,18,-99.5
Nias,1,97.75
Nicobarese,7,93.83333333
Niuafo'ou,-15.56666667,-175.6166667
Japanese Sign Language,36,139
Nimboran,-2.5,140.1666667
Ningil,-3.5,142.25
Nyishi,27.5,93.5
Nitinaht,48.66666667,-124.75
Niuean,-19.05,-170.1166667
Nivkh,53.33333333,142
Nyungar,-33.75,122
Ngalkbun,-13.5,134.8333333
Nkem,6.583333333,8.583333333
Nakkara,-12.11666667,134.4166667
Nkonya,7.166666667,0.25
Nkore-Kiga,-0.9166666667,29.83333333
Nukuoro,3.833333333,154.9166667
Nyah Kur,15.66666667,101.6666667
Nubian,23,33
Ngarla,-20,119
Ngarluma,-20.83333333,117.5
Nyamal,-21,119
Nambikuára,-14,-59.5
Nomad,-6.166666667,142.25
Mecayapan Isthmus Nahuatl ,18.25,-94.83333333
Manange,28.58333333,84
Milpa Alta Nahuatl,19.25,-99.16666667
Nancowry,8.05,93.5
Nend,-5,144.9166667
Nengone,-21.5,168
Nyanga,-1.25,28.16666667
Nankina,-5.783333333,146.45
Nanumea,-5.666666667,176.1166667
Nuni,12.16666667,-3
Nanticoke,38,-76.25
Nobiin,21,31
Nocte,27,95.5
Noghay,44,46
Karagash Noghay,47.5,47.25
Nomatsiguenga,-11.66666667,-74.5
Noni,6.416666667,10.58333333
Noon,14.83333333,-16.83333333
Norwegian,61,8
Pajapan Nahuatl,18.25,-94.75
Nar-Phu,28.66666667,84.25
Nigerian Pidgin,6.5,3.333333333
Naga Pidgin,25.66666667,94
Napu,-1.333333333,120.4166667
Nanerge,11.75,-5
Narom,4.416666667,114
Nharo,-22.33333333,20.5
Nsenga,-14.5,30.83333333
Nisgha,55,-130
Naskapi,56,-70
Nisenan,39,-121
Assyrian Neo-Aramaic,36,41
Sierra de Zacapoaxtla Nahuatl,19.58333333,-97.33333333
Norsk Tegnspråk,61,9
Ngiti,1.333333333,30.25
Ngaanyatjarra,-26,126.5
Nateni,10.5,1.166666667
Ntomba,-2,18.33333333
Tundra Nenets,70,76
Nuaulu,-3.25,129.1666667
Nubi,0.6666666667,32.08333333
Nuer,8.333333333,32
Nunggubuyu,-13.75,135.6666667
Nukak,2.5,-71.5
Nung (Vietnam),21.91666667,106.4166667
Nupe,9.166666667,5.416666667
Nusu,26.75,99
Nuuchahnulth,49.66666667,-126.6666667
South Sakhalin Nivkh,47,142.5
Dolakha Newar,27.33333333,86
Nyawaygi,-19,146.1666667
Nyangi,3.416666667,33.58333333
Nyiha,-10,33
Nyimang,12.16666667,29.33333333
Nyamkad,32,78.5
Nyelâyu,-20.33333333,164.3333333
Nyamwezi,-5,33
Nyigina,-18,124.3333333
Nyangumarda,-20,121
Nyulnyul,-17,122.8333333
Nzakara,5,23
Zeme Naga,25.16666667,93.5
New Zealand Sign Language,-43,172
Ogbronuagum,4.75,6.866666667
Obokuitai,-3,138
Obolo,4.583333333,7.833333333
Ocaina,-2.75,-71.75
Occitan,44,2
Ocuilteco,18.91666667,-99.66666667
Ogbia,4.666666667,6.25
Oi,14.83333333,107.1666667
Oirat,37.5,93
Ixtenco Otomí,19.08333333,-97.91666667
Eastern Ojibwa,46,-80
Ojibwe,47.66666667,-92.5
Severn Ojibwa,53,-90
Okanagan,49.5,-118.5
Kotia Oriya,18.33333333,83
Oksapmin,-5.166666667,142.1666667
Oku,6.25,10.5
Oloh Mangtangai,-0.8333333333,113
Olo,-3.416666667,142
Olutec,17.95,-95
Omagua,-4,-73.5
Omaha,42,-97.25
Ömie,-9.05,148.0833333
Oneida,43,-75.66666667
One,-3.25,141.9166667
Onge,10.75,92.41666667
Onondaga,42.75,-76.16666667
Ono,-6.166666667,147.5833333
O'odham,32,-112
Emai,7.083333333,5.916666667
Oromo,5,40
Boraana Oromo,4.5,38.5
Oroch,50.33333333,137.5
Ordos,39,109
Orejón,-2.833333333,-72.5
Harar Oromo,9,42
Orig,12.16666667,30.83333333
Orok,49.5,143.5
Orokolo,-7.833333333,145.3333333
Ormuri,32.5,69.75
Orokaiva,-8.833333333,148.25
Waata Oromo,-3.333333333,39.83333333
Orya,-2.75,139.8333333
Osage,37,-94
Santiago Mexquititlan Otomí,20.08333333,-100.0833333
Ossetic,43,44
Mezquital Otomí,20.16666667,-99.16666667
Oto,40.5,-96
Otoro,11.16666667,30.5
Sierra Otomí,20.66666667,-98.83333333
West-Central Oromo,9,37
Owininga,-4.5,141.75
Oriya,21,85
Pa'a,11,9.25
Pacoh,16.41666667,107.0833333
Padoe,-2.333333333,121.3333333
Páez,2.666666667,-76
Pagu,1.25,127.75
Paiwan,22.5,120.8333333
Pakanha,-14.5,142.4166667
Palauan,7.5,134.5833333
Pame,22,-99.5
Panjabi,31,74
Papiamentu,12.25,-69
Päri,5,32.5
Patep,-6.916666667,146.5833333
Paumarí,-6,-64
Pawaian,-7,145.0833333
Pima Bajo,29,-111
Poqomam,14.66666667,-90.5
Folopa,-7,144.5
Pech,15,-85.5
Pemon,5.333333333,-62
Pengo,19.83333333,83.83333333
Pero,9.583333333,11
Pilagá,-25,-60
Pingilapese,6.216666667,160.7
Phlong,15,99
Piaroa,5,-67
Pileni,-10.21666667,166.2166667
Pintupi,-23,129
Pipil,13.83333333,-89.58333333
Piro,-11,-73.5
Pisa,-5.166666667,139.1666667
Pitjantjatjara,-26,130
Pokomchí,15.41666667,-90.5
Paakantyi,-32.5,142.5
Pokot,1.5,35.5
Playero,7,-71
Polabian,51,12.83333333
Palaung,22.66666667,96.66666667
Paulohi,-3.25,128.75
Palikur,3,-51
Pulopetak,1.416666667,109.8333333
Palor,14.83333333,-16.75
Central Pomo,39,-123.3333333
Eastern Pomo,39,-122.6666667
Northern Pomo,39.33333333,-123.5
Paamese,-16.5,168.25
Pamona,-1.75,120.8333333
Pangwa,-10,34.75
Pangasinan,15.91666667,120.3333333
Northern Paiute,42,-118
Panare,6.5,-66
Bunu,24,107
Panará,-10,-55
Panyjima,-22.83333333,118.4166667
Po-Ai,-20.66666667,164.8333333
Pocomam Oriental,14.75,-89.75
Podoko,11,14.08333333
Pogoro,-8.75,36.5
Pohnpeian,6.883333333,158.25
Poko-Rawo,-2.833333333,141.5833333
Polish,52,20
Metzontla Popoloca,18.16666667,-97.5
Portuguese,39,-8
Potawatomi,44.5,-85
Powhatan,37.33333333,-76.5
Piapoco,4,-69.5
Pitta Pitta,-22.83333333,140
Prasuni,35.5,71
Paresi,-14,-57.5
Parji,19.5,82.5
Pare,-4,36.5
Pirahã,-7,-62
Príncipense,1.616666667,7.366666667
Purki,34.66666667,76
Provençal,44,6
Persian,32,54
Piratapuyo,0.3333333333,-69.5
Pashto,33,67
San Juan Atzingo Popoloca,18.16666667,-96.41666667
Plains-Indians Sign Language,40,-100
Passamaquoddy-Maliseet,45,-67
Southeastern Pomo,39,-122.5
San Vicente Coyotepec Popoloca,18.25,-97.83333333
Port Sandwich,-16.5,167.75
Paita,-22.08333333,166.5
Paite,24,93.16666667
Patpatar,-3.766666667,152.5
Pattani,32.75,76.75
Patwin,39,-122.3333333
Puinave,4,-68
Parauk,23.25,99.5
Puluwat,7.333333333,149.3333333
Pumi,28,101
Pungupungu,-13.5,130.4166667
Puquina,-16.5,-68.5
Purépecha,19.5,-101.6666667
Southern Paiute,37.83333333,-113.3333333
Pawnee,41,-98.66666667
Qafar,12,42
Quechua,-10,72
Ancash Quechua,-8.5,-77.5
Qawasqar,-49,-75
Ayacucho Quechua,-14,-74
Bolivian Quechua,-20,-66
Cajamarca Quechua,-7,-78.5
Quiché,15,-91.41666667
Cochabamba Quechua,-17.5,-66
Cuzco Quechua,-14.5,-71
Ecuadorean Quechua,-1,-79
Huallaga Quechua,-9.5,-75.5
Qiang,32,102.6666667
Imbabura Quechua,0.3333333333,-78
Tarma Quechua,-11.41666667,-75.75
Quechan,32.83333333,-114.3333333
Quileute,47.91666667,-124.25
Sipakapense,15.25,-91.75
Rade,13,108.5
Raga,-15.5,168.1666667
Ralte,23.75,92.75
Rama,11.75,-83.75
Rao,-4.75,144.5
Rapanui,-27.11666667,-109.3666667
Rashad,11.83333333,31.05
Romani,44,21
Ajia Varvara Romani,38,23.58333333
Rawang,27.5,97.5
Burgenland Romani,47.5,16.5
Bugurdzi Romani,42.66666667,21.16666667
Russian-Chinese Pidgin,48.8,132.95
Rejang,-3.416666667,102.5
Remo,18,82
Rendille,2,37.5
Resígaro,-2.416666667,-71.5
Retuarã,-0.5,-70.66666667
Ronga,-26,32.5
Gyalrong,31.66666667,101.75
Roglai,12.16666667,108.8333333
Riantana,-7.5,138.5
Rikbaktsa,-11.83333333,-57.5
Rimi,-5,34.66666667
Ritharngu,-12.83333333,135.5
Raji,28,82.75
Kalderash Romani,45,21
Lovari Romani,47,21.5
Rembarnga,-12.83333333,134.5833333
Romansch,46.66666667,9.166666667
Rundi,-3.5,30
Rengao,14.58333333,107.8333333
Rennellese,-11.61666667,160.25
North Russian Romani,60,38
Runyankore,-0.5,30.5
Romanian,46,25
Ron,9,8.75
Roro,-8.75,146.5833333
Rotuman,-12.5,177.0666667
Roviana,-8.25,157.3333333
Rang Pas,30.33333333,79.33333333
Runyoro-Rutooro,1.5,31.33333333
Romansch,46.75,9.5
Sepecides Romani,38.25,27
Shughni,38.16666667,71.5
Russian Sign Language,56,44
Roti,-10.66666667,123.25
Rotokas,-6,155.1666667
Rukai,22.83333333,120.8333333
Rumu,-7.166666667,144.25
Runga,10.33333333,21
Russian,56,38
Rutul,41.5,47.41666667
Rawa,-5.833333333,146
Welsh Romani,52,-4
Shuri,26.5,127.5
Sa'a,-9.616666667,161.45
Sa'ban,3.666666667,115.6666667
Saek,17.41666667,104.75
Sahu,1.166666667,127.5
Sakao,-15.16666667,167.0833333
Salinan,36,-121
Samoan,-13.91666667,-171.8333333
Sango,5,18
Saho,14.75,39.75
Sapuan,15.16666667,106.8333333
Sare,-4.5,143.1666667
Savi,35,71.5
Sawu,-11.5,121.9166667
Sayula Popoluca,17.83333333,-95
Sáliba (Colombia),6,-70
Sama,6.166666667,121.8333333
Saanich,48.58333333,-123.4166667
Serbian-Croatian,44,19
Sami,65,20
Central-South Sami,64.66666667,16.75
Sindhi,26,69
Sandawe,-5,35
Southeast Ambrym,-16.3,168.2166667
Sebei,1.333333333,34.58333333
Secoya,-0.3333333333,-76
Sedang,14.83333333,108
Seediq,24.16666667,121.4166667
Selknam,-53,-70
Sema,26,94.5
Sena,-18,35.25
Seri,29,-112
Sesotho,-28,27
Seychelles Creole,-4.75,55.5
Sougb,-1.5,134
Songe,-6.833333333,22
Sengele,-1.833333333,17.33333333
Sangir,3.5,125.5
Songish,48.45,-123.3333333
Sangu,-1.5,11.83333333
Shan,22,98
Shabo,7.583333333,35.41666667
Sherdukpen,27,92.5
Sherpa,27.75,86.83333333
Shigatse,29,89
Sharanahua,-11,-70
Shiriana,3.5,-62.83333333
Shipibo-Konibo,-7.5,-75
Shilluk,9.666666667,31.75
Shambala,-4.25,38.25
Shona,-18,31
Shoshone,41,-114
Sahaptin (Northern),46.5,-120
Shor,53,88
Shasta,41.83333333,-122.6666667
Shatt,10.83333333,30
Shuswap,52,-120
Shawnee,40,-83
Shira Yughur,38,99
Siane,-6.083333333,145.2
Sidaama,6.666666667,38.5
Sika,-8.7,122.25
Sila,12.33333333,21.75
Simeulue,2.5,96.25
Siona,0.3333333333,-76.25
Sio,-5.95,147.3333333
Siar,-4.666666667,152.9166667
Sisiqa,-7,156.8333333
Siuslaw,44,-124
Kildin Sami,67,37
Sikkimese,27.83333333,88.5
Sikule,2.666666667,96
Sukuma,-2.833333333,32
Sikuani,6.25,-71.5
Skou,-2.666666667,140.9166667
Selkup,65,82
Sikaritai,-2.916666667,138.25
Suku,-6,17.66666667
Shekhawati,28,75.5
Slave,67,-125
Saliba (Papua New Guinea),-10.58333333,150.7166667
Samba Leko,8.5,12.5
Sulung,28.33333333,93.25
Slovene,46,15
Selepet,-6.166666667,147.1666667
Salar,35,103
Slavey,60,-120
Selayar,-6,120.5
Semandang,-0.75,110.5
Seme,11,-4.916666667
Semai,4.333333333,101.6666667
Semelai,3,103
Seminole,33,-84
Shompen,7,93.75
Sahaptin,45.66666667,-118.5
Shina,36,74
Seneca,42.5,-77.5
Senadi,9.5,-6.25
Sinaugoro,-9.833333333,147.8333333
Sinhala,7,80.5
Sanuma,4.5,-64.66666667
Soninke,15,-10.5
Northern Sami,69,24
Sentani,-2.583333333,140.5833333
So,2.583333333,34.75
Sobei,-1.916666667,138.75
Soddo,8.5,38.5
Solon,48,120
Somali,3,45
Sonsorol-Tobi,5.333333333,132.25
Sooke,48.33333333,-123.75
Soqotri,12.5,54
Sora,20,84.33333333
Upper Sorbian,51.83333333,14.5
Spanish,40,-4
Canary Islands Spanish,28,-15.58333333
Spitian,32.25,78
Spokane,47.66666667,-117.75
Southern Puget Sound Salish,47.25,-122.5
Squamish,49.66666667,-123.1666667
Sranan,5.833333333,-55.33333333
Sorbian,51.5,14
Sarcee,52.5,-116
Sardinian,40,9
Sre,11.5,108
Siriano,0.75,-70.16666667
Lower Sorbian,51.75,14.33333333
Saramaccan,4.5,-55.5
Sirionó,-15.58333333,-64
Siroi,-5.5,146
Serrano,34.5,-117
Selaru,-8.2,131
Siraya,23,120.25
Sisaala,10.83333333,-2.666666667
Shinassha,10.41666667,36.16666667
South Korean Sign Language,37,128
Samish Straits Salish,48.58333333,-122.5833333
Straits Salish,48.75,-123.25
Santa,31.5,107.5
Stieng,11.83333333,106.75
Santali,24.5,87
Northern Sotho,-24,29
Stoney,53.75,-116.5
Subiya,-17.75,24.91666667
Sudest,-11.5,153.45
Suena,-7.75,147.55
Sungor,13.75,21.5
Sui,26,107.5
Suki,-8,141.75
Sulka,-5.083333333,151.9166667
Mayangna,13,-84.5
Sundanese,-7,107
Supyire,11.5,-5.583333333
Sursurunga,-4,152.7666667
Susu,10,-13
Svan,43,42.5
Slovincian,54,16
Slovak,49,20
Savosavo,-9.133333333,159.8
Svenska Teckenspråket,59,15
Swahili,-6.5,39
Swedish,60,15
Sawai,0.5,128
Wind River Shoshone,43.41666667,-108.8333333
Swati,-26.5,31
Västerbotten Swedish,64.25,19.75
Saryg Yughur,38.75,99.75
Salt-Yui,-6.283333333,145.0333333
Taba,0,127.5
Tacana,-13.5,-68
Taiof,-5.533333333,154.6333333
Tagalog,15,121
Tahitian,-17.66666667,-149.5833333
Tuareg,19,9
Tajik,38.66666667,70
Takia,-4.666666667,146
Talinga,0.4166666667,29.66666667
Tamang,27.5,85.66666667
Tangale,9.75,11.33333333
Tarao,24.25,94.16666667
Taiap,-4.083333333,144.5
Taiwanese,25,121.5
Tariana,1,-69.16666667
Tashlhiyt,31,-5
Tatana',5.5,115.5
Tauya,-5.75,145.3333333
Tawala,-10.33333333,150.6666667
Tayo,-22,166.3333333
Azerbaijan Talysh,38.75,48.66666667
Tabare,-6.083333333,145
Tübatulabal,36,-118.3333333
Beni Amer Tigré,15.5,38
Tabla,-2.45,140.4166667
Tboli,6.166666667,124.5
Tabaru,1.5,127.25
Tabassaran,41.83333333,47.91666667
Tobati,-2.583333333,140.6666667
Tubu,16,15
Tabwa,-8,29.5
Tangbe,28.91666667,83.75
Central Tarahumara,27.5,-107.5
Toda,11.41666667,76.75
Dingri Tibetan,28.5,86.5
Drokpa Tibetan,32.25,81.25
Tectiteco,15.41666667,-92.08333333
Huehuetla Tepehua,20.5,-98
Tehuelche,-48,-68
Telugu,16,79
Tem,8.666666667,0.5
Tennet,4.416666667,32.5
Teop,-5.666666667,155
Tlachichilco Tepehua,20.58333333,-98.25
Tera,11,11.83333333
Teso,1.833333333,33.83333333
Tetela,-4,24
Tewa,35.83333333,-110.4166667
East-Central Xorasan Turkic,37,59
Tangga,-3.466666667,153.2
Tagbanwa,9.5,118.5
Tigak,-2.716666667,150.8
Tshangla,27.83333333,92.16666667
Tugun,-7.716666667,126.75
Tsogo,-1.5,11.33333333
Tanglapui,-8.283333333,125.0833333
Tigré,16.5,38.5
Tarangan,-6.5,134.1666667
Thai,16,101
Thadou,24.41666667,93.91666667
Thakali,29,83.75
Thangmi,27.75,86
Thompson,49.75,-121.75
Thaypan,-14.83333333,143.1666667
Thai Sign Language,15,101
Tehit,-1.5,132
Thulung,27.41666667,86.5
Thao,23.88333333,120.9166667
Kuuk Thaayorre,-14.58333333,141.8333333
Tima,11.66666667,29.25
Tibetan,30,91
Ticuna,-4,-70.5
Tidore,0.75,127.5
Tifal,-5,141.3333333
Tigrinya,14.5,38.5
Tikar,5.833333333,11.66666667
Tillamook,45.33333333,-123.75
Timugon,5,116
Tinrin,-21.66666667,165.75
Tiriyo,3.25,-55.75
Shigatse Tibetan,29,89
Tiv,7.5,9
Tiwi,-11.5,131
Tiipay,32.16666667,-116.5
Tokelauan,-9,-172
Tuki,4.583333333,11.5
Takelma,42.5,-123
Turkmen,40,58
Teke,-2.333333333,14.5
Tolai,-4.25,152.0833333
Tatar-Noghay,47.41666667,45.66666667
Talaud,4.25,126.75
Telefol,-5,141.75
Tlingit,59,-135
Taulil,-4.416666667,152.0833333
Tobelo,1.5,128.5
Tlapanec,17.08333333,-99
Southern Talysh,37,49
Tama,14.5,22
Timucua,30.25,-82.5
Tamagario,-6.416666667,139.25
Mishar Tatar,55.5,49
Tumak,9.5,17.33333333
Tamil,11,78.5
Tamabo,-15.66666667,167.1666667
Temein,11.91666667,29.41666667
Modern Literary Tibetan,29.83333333,91.5
Tampulma,10.41666667,-0.5833333333
Temiar,5,101.5
Tommo So,15,-3
Tat,41.25,48.75
Turkana,3,35.5
Tunebo,6.75,-72.25
Tanacross,63.5,-143.5
Tindi,42.36666667,46.25
Temne,8.666666667,-13.08333333
Tongan,-21.16666667,-175.1666667
Tinani,32.33333333,77.16666667
Tanaina,62,-150
Tungak,-2.55,150.25
Lower Tanana,65,-150
Tunen,4.75,10.66666667
Tondano,1.25,125
Tanna,-19.56666667,169.3333333
Tontemboan,1.083333333,124.5
Tenyer,10.66666667,-4.5
Toaripi,-8.333333333,146.25
Toba,-26.5,-59
Tod,32.41666667,77.25
Tofa,53.75,98
Tojolabal,16.33333333,-91.5
Tarok,9,10.08333333
Tol,14.66666667,-87
Tonkawa,30.25,-96.75
Toqabaqita,-8.416666667,160.5833333
Toratán,1.083333333,124.8333333
Sierra Totonac,19.91666667,-97.41666667
Misantla Totonac,19.91666667,-96.91666667
Toussian,11,-4.666666667
Win Toussian,10.83333333,-4.666666667
Tasmanian (Oyster Bay to Pitwater),-42.5,147.75
Tonga (Zambia),-17,27
Papantla Totonac,20.33333333,-97.33333333
Tepecano,21.75,-104.75
Tok Pisin,-9.5,147.1666667
Northern Tepehuan,26.33333333,-107
Tupuri,10.16666667,14.75
Southeastern Tepehuan,23,-104.5
Tapieté,-19.75,-61.66666667
Teribe,9.333333333,-82.66666667
Chicahuaxtla Trique,17.16666667,-97.83333333
Toraja,-3,119.75
Rio Grande Tewa,36.25,-106.1666667
Copala Trique,17.16666667,-97.91666667
Tirmaga,5.75,35.25
Terêna,-20,-56
Tairora,-6.5,146
Ternate,0.8333333333,127.25
Trumai,-11.91666667,-53.58333333
Torwali,34.25,72
Tiruray,6.75,124.1666667
Tsakhur,41.66666667,47.16666667
Timorese,-9.666666667,124.5
Tsafiki,-1,-79.33333333
Tausug,6,121
Tümpisa Shoshone,37,-117
Tsimshian,52.5,-129
San Juan Pueblo Tewa,36.08333333,-106.0833333
Tamashek,20,-2
Tanzania Sign Language,-6,35
Tasmanian,-42.16666667,146.5
Tsonga,-24,32
Tsou,23.5,120.75
Taushiro,-3.25,-75.5
Tsat,18.25,109.5
Tswana,-24,26
Tsez,42.25,45.75
Baraba Tatar,55.33333333,78.33333333
Tetun Dili,-8.583333333,125.5833333
Tutelo,37.66666667,-78.75
Tetun,-9,126
Tati,36,49.66666667
Tsova-Tush,42.5,45.5
Tatuyo,0.4166666667,-70.5
Tuamotuan,-17,-144
Tubar,27,-108
Tucano,0.5,-69.16666667
Türk Isaret Dili,39,34
Tukang Besi,-5.5,123.5
Tulu,12.75,75.33333333
Tumleo,-3.083333333,142.4166667
Tunica,32.66666667,-91
Tupi,-6,-36
Turkish,39,35
Tuscarora,36,-77.5
Tutchone,63,-137
Tuvan,52,95
Tuyuca,0.5,-70.08333333
Tuvaluan,-8.5,179.1666667
Tatar,56,49.5
Tutsa,27.5,96.5
Twana,47.66666667,-122.75
Western Tarahumara,27.5,-108
Northern Tiwa,36.5,-105.5
Southern Tiwa,35,-106.3333333
West Xorasan Turkic,36.66666667,56
Xicotepec de Juárez Totonac,20.41666667,-97.83333333
Tyeraity,-13,130.3333333
Aguacatenango Tzeltal,16.41666667,-92.5
Bachajón Tzeltal,16.91666667,-92
Tzeltal,16.83333333,-92.25
Taiwanese Sign Language (Ziran Shouyu),24,121
Tzotzil,16.5,-92.66666667
San Andrés Tzotzil,17,-92.83333333
Tenejapa Tzeltal,16.66666667,-92.33333333
Tzutujil,14.66666667,-91.33333333
Zinacantán Tzotzil,16.83333333,-92.83333333
Ubykh,43.66666667,39.66666667
Udihe,47.66666667,136.25
Udi,41,48
Udmurt,57.5,52.5
Ugandan Sign Language,1,32.5
Uradhi,-11.91666667,142.4166667
Ukrainian,49,33
Upper Kuskokwim,63,-157
Ulcha,52.25,140.3333333
Uldeme,10.95,14.11666667
Ulithian,9.916666667,139.5833333
Uma,-1.833333333,120
Umbundu,-12.5,15
Umpila,-13.5,143.5
Umaua,1,-72
Una,-4.666666667,140
Ungarinjin,-16.33333333,126
Unami,40,-75.16666667
Ura,-18.66666667,169.0833333
Urdu,25,67
Urhobo,5.583333333,6
Urim,-3.583333333,142.6666667
Urubú-Kaapor,-2.333333333,-46.5
Urak Lawoi',8,98.33333333
Urum,47.11666667,37.55
Urarina,-4.5,-75.5
Urat,-3.666666667,142.8333333
Uru,-16.75,-69
Usan,-4.833333333,145.1666667
Urubú Sign Language,-2.333333333,-46
Usarufa,-6.416666667,145.5833333
Ute,39,-109
Uyghur,40,80
Uzbek,39,66
Northern Uzbek,40.66666667,66.5
Vafsi,34.66666667,49.91666667
Vagla,9.416666667,-2.416666667
Vai,6.916666667,-11.25
Vasavi,24.5,71.5
Vata,5.833333333,-5.416666667
Vedda,7,81
Venda,-22,30
Veps,60,35
Vietnamese,10.5,106.5
Vili,-5.5,14
Kariera,-20.5,118.5
Vlaamse Gebarentaal,51,4
Vinmavis,-16.16666667,167.4166667
Votic,59.5,30
Wagiman,-14,131.25
Wahgi,-5.833333333,144.7166667
Wai Wai,1,-59
Wakhi,36.5,72
Walman,-3.216666667,142.5
Wambaya,-18.66666667,135.75
Wangkumara,-27.33333333,143
Waorani,-1,-76.5
Wappo,38.5,-122.5
Wari',-11.33333333,-65
Washo,39.25,-120
Watjarri,-26,117.5
Waunana,4,-77
Wayampi,1,-52
Wambon,-5.5,140.4166667
Wanman,-22,123
Wichí,-22.5,-62.58333333
Western Desert (Ooldea),-30.5,132
Colloquial Welsh,52.75,-3.5833
Wedau,-10.16666667,150.1666667
Welsh,52,-3
Wembawemba,-35.33333333,144
Weri,-7.75,146.9166667
Wetan,-8.166666667,128
Wangkangurru,-27,137
Waigali,35,71.25
Warrongo,-18,145
Wichita,33.33333333,-97.33333333
Wikchamni,36.41666667,-119.0833333
Wintu,41,-122.5
Wirangu,-32,134
Wiyot,40.83333333,-124.1666667
Wagawaga,-26.5,152.5
Wolof,15.25,-16
Wallisian,-13.3,-176.2
Walmatjari,-19.5,125.75
Wolio,-5.5,122.75
Warluwara,-22,138.5
Wolaytta,6.833333333,37.75
West Makian,0.5,127.5833333
Wambule,29.25,85.91666667
Wéménugbé,6.666666667,2.5
Wik Munkan,-13.91666667,141.75
Wik Ngathana,-13.91666667,141.5
Wan,7.833333333,-5.866666667
Winnebago,43.5,-88.5
Wantoat,-6.166666667,146.5
Wobe,7.416666667,-7.333333333
Wogamusin,-4.25,142.3333333
Woisika,-8.25,124.8333333
Woleaian,7.333333333,143.8333333
Womo,-2.916666667,141.8333333
Worora,-15.66666667,124.6666667
Wapishana,2.666666667,-60
Warao,9.333333333,-61.66666667
Warrnambool,-38.25,142.5
Wardaman,-15.5,131
Warrgamay,-18.58333333,146.0833333
Warekena,1.5,-67.5
Warlpiri,-20,132.3333333
Warembori,-1.666666667,137.5833333
Warndarang,-14.41666667,135.5833333
Waropen,-2.333333333,136.5833333
Waris,-3.166666667,141
Warumungu,-19.5,134.5
Warrwa,-17.5,123.5
Waray (Australia),-13.16666667,131.25
Waskia,-4.5,146
Wathawurrung,-38,144
Watam,-3.916666667,144.5
Wu,31.66666667,119.9166667
Waurá,-13,-53
Waama,10.58333333,1.666666667
Woiwurrung,-37.5,145.5
Waray-Waray,12,125
Wyandot,44.33333333,-77.5
Wayana,3.25,-54.16666667
ǀXam,-31,21
Xârâcùù,-21.66666667,166
Xasonga,14.25,-10.5
Xavánte,-15,-52.5
Kombio,-3.5,142.75
Xerénte,-10,-48.16666667
Xhosa,-32,27
Xiamen,24.5,118.1666667
Kanashi,32.08333333,77.25
Xokleng,-24.5,-50
!Xóõ,-24,21.5
Kàsim,11,-1.333333333
!Xun,-19.66666667,18
Yagua,-3.5,-72
Yahgan,-55,-68
Yaka,-7,17.5
Yale,-4.083333333,139.5
Yaminahua,-8,-73
Yana,40.5,-122
Yao (Malawi),-14.5,35.5
Yapese,9.583333333,138.1666667
Yaqui,27.5,-110.25
Yareba,-9.5,148.5
Yavapai,34,-113.3333333
Yawa,-1.75,136.25
Yay,22.41666667,104.75
Yazgulyam,38.5,71.5
Yamba,6.416666667,11.08333333
Yamphu,27.58333333,87.33333333
Chevak Yup'ik,61.5,-165.75
Yucuna,-0.75,-71
Yucatec,20,-89
Bessarabian Yiddish,47,28.5
Yiddish,52,23
Lodz Yiddish,51.75,19.41666667
Yei,-7.916666667,140.9166667
Yelî Dnye,-11.36666667,154.1666667
Yemba,5.416666667,10.08333333
Yessan-Mayo,-4.166666667,142.5833333
Yeyi,-20,23.5
Dii,8,14
Yaghnobi,39,69
Yagaria,-6.333333333,145.4166667
Yi,24,104
Yidiny,-17,145.75
Yil,-3.533333333,142.15
Yimas,-4.666666667,143.55
Yindjibarndi,-21.75,117.9166667
Yir Yiront,-14.83333333,141.8333333
Yuki,39.66666667,-123.5
Yakoma,4.416666667,18.41666667
Yakan,6.5,122
Kolyma Yukaghir,65.75,150.8333333
Yukpa,10.16666667,-72.75
Yakut,62,130
Yulparija,-21,124
Yali,-4,139.3333333
Yelmek,-7.666666667,139.1666667
Yalarnnga,-22,140
Lithuanian Yiddish,55,25
Yamdena,-7.5,131.5
Yami,22,121.5
Yemsa,7.833333333,37.33333333
Yup'ik,65,-171
Naukan Yup'ik,66,-172
Yingkarta,-25.16666667,114.8333333
Yankuntjatjara,-27,132
Yanomámi,2.333333333,-63
Yansi,-3.833333333,18
Yanyuwa,-16.41666667,137.1666667
Yokuts,36.08333333,-119.0833333
Yoruba,8,4.333333333
Central Yup'ik,59.5,-160
Yaqay,-6.583333333,139.25
Yuracare,-16.58333333,-65.25
Yurimangí,3.833333333,-77
Yaruro,7,-68
Yuruti,1,-70.41666667
Sirenik Yup'ik,64.5,-174
St Lawrence Island Yup'ik,63.5,-170.5
Yurt Tatar,46.33333333,48.5
Tundra Yukaghir,69,155
Yuchi,35.75,-86.75
Yugh,61,90
Yukulta,-17.33333333,138.8333333
Yulu,8.5,25.25
Norton Sound Yup'ik,64,-161
Yurok,41.33333333,-124
Siberian Yup'ik,65,-173
Yuwaalaraay,-29.5,148
Yawelmani,35.41666667,-119
Yawuru,-18,122.5
Yaygir,-29.66666667,153
Yorta Yorta,-36,146
Yazva,65,55
Beria,16,23
Zapotec,16,-95.5
Isthmus Zapotec,16.416667,-95
Juárez Zapotec,17.5,-96.58333333
Mixtepec Zapotec,16.33333333,-96.33333333
Zande,4,26
Mitla Zapotec,16.8,-96.25
Quiegolani Zapotec,16.16666667,-96.08333333
Zarma,13.83333333,2.166666667
Zayse,5.916666667,37.33333333
Zazaki,39,41
Chimalapa Zoque,16.75,-94.75
Zenaga,17.33333333,-16
Francisco León Zoque,17.33333333,-93.25
Zhang-Zhung,31.58333333,78.41666667
Zhuang,24,108
Zimakani,-7.433333333,141.4333333
Northern Zulu,-28,31
Ixtlan Zapotec,17.25,-96.5
Zaparo,-2,-76.33333333
Copainalá Zoque,17,-93.25
Ostuacan Zoque,17.41666667,-93.3
Rayon Zoque,17.08333333,-93
Sierra Popoluca,18.33333333,-95.16666667
Southern Zulu,-31,30
San Lucas Quiaviní Zapotec,16.9,-96.46666667
Texmelucan Zapotec,16.5,-97.16666667
Zulu,-30,30
Zuni,35.08333333,-108.8333333
Yatzachi Zapotec,17.2,-96.2
Zoogocho Zapotec,17.25,-96.25
Ancient Greek,39,21
Eastern Algonquin,50,-90
Late Latin,41,12
Latin,41,14
Middle English,52,-1
Middle French,46,2
Old English,52,-1
Old French,46,2
Ottoman Turkish,38,35
Pre-Greek,39,21
Proto-Algonquin,50,-90
Proto-Germanic,52,13
Proto-Indo-European,48,43
Proto-West Germanic,52,10
Aeolic Greek,39.18,27.12
Alemmanic Old High German,49,10.7
Arcadocypriot Greek,37.71,22.17
Attic Greek,38.1,23.7
Doric Greek,36.88,22.81
Frankish,49,5
Ionic Greek,37.48,27.79
Old High German,48.95,10.58
Ammonite,31.89,25.89
Ancient Ligurian,44.55,9
Ancient Macedonian,40.73,22.55
Ancient North Arabian,25.89,45.4
Anglian Old English,54.67,-2.75
Anglo-Norman,49.61,-1.75
Aquitanian,43.94,0.16
Prakrit,24,29
Indo-Aryan,24.6,29.6
Middle Indo-Aryan,24.2,29.2
Ashokan Prakrit,24.4,29.4
Assyrian,37.45,43.82